{
  "rsa_real_mean": -0.062133115378167944,
  "rsa_real_ci95": [
    -0.07382212341654396,
    -0.05039461901276609
  ],
  "rsa_random_mean": 0.019293147970669087,
  "rsa_random_ci95": [
    -0.007637748478548987,
    0.052878038261636416
  ],
  "rsa_random_per_seed": {
    "0": 0.00015351400790708197,
    "1": 0.017872466374746415,
    "2": 0.02643318437462703,
    "3": 0.0053153150206351335,
    "4": 0.04669126007542977
  },
  "delta": -0.08142626334883703,
  "delta_ci95": [
    -0.08697083720458393,
    -0.07616789357988968
  ],
  "outcome": "D",
  "interpretation_notes": "\u0394=-0.0814 < -0.05. Active distractor bias; PBMC-pretrain erodes K562-relevant axes.",
  "n_pert_included": 236,
  "n_pert_dropped": 0,
  "dropped_perturbations": [],
  "perturbation_col": "perturbation",
  "ntc_label": "control",
  "n_boot": 1000,
  "random_seeds": [
    0,
    1,
    2,
    3,
    4
  ],
  "ckpt_real_sha": "936dfa44071322f7d62c3e698e4395e875fd02a201d171647ad8734dccfa54d7",
  "data_sha": "d4bedb53082735735993ced3cf30864b349d62f21078523b8b93137f55b333c9",
  "n_cells_total": 111445,
  "n_genes_total": 36601,
  "n_genes_filtered": 17956,
  "ci_width_real": 0.023427504403777867,
  "ci_width_random": 0.0605157867401854,
  "elapsed_seconds": 479.8203058242798,
  "schema_count_warning": "OBSERVED n_perturbations_total=237 (non-NTC=236) differs from spec-noted 105. Column + NTC label confirmed; RSA contract unaffected (more pairs improves estimate).",
  "phase": "6.5f",
  "parent_stage": "joint",
  "child_stage": "joint_contrastive_only_e1",
  "stage": "joint_contrastive_only_e1",
  "projections_frozen": true,
  "loss_weights": {
    "masked_rna_recon": 0.0,
    "masked_atac_recon": 0.0,
    "cross_modal_infonce": 1.0,
    "peak_to_gene_aux": 0.0
  },
  "parent_ckpt_sha": "416e8b1a5fe73c1beff18ec0e5034331e5ada40bd13731f6f90f366f1f58e29e",
  "phase6_5e_baseline_ckpt_sha": "6084d5186cbd3dc942497d60926cda7a545931c7da5d7735ba32f555b73349ee",
  "frozen_proj_ckpt_sha": "936dfa44071322f7d62c3e698e4395e875fd02a201d171647ad8734dccfa54d7",
  "rsa_real_frozen_proj": -0.062133115378167944,
  "rsa_real_frozen_proj_ci95": [
    -0.07382212341654396,
    -0.05039461901276609
  ],
  "rsa_real_contrastive_only": -0.062079189678334507,
  "rsa_real_contrastive_only_ci95": [
    -0.07385323118867206,
    -0.05031984043606941
  ],
  "rsa_real_reconstruction_dominant": -0.05842228916260816,
  "delta_frozen_proj_vs_contrastive_only": -5.3925699833437535e-05,
  "delta_frozen_proj_vs_contrastive_only_ci95": [
    -0.011742933738209447,
    0.011684570665568416
  ],
  "delta_frozen_proj_vs_reconstruction_dominant": -0.0037108262155597857,
  "delta_frozen_proj_vs_reconstruction_dominant_ci95": [
    -0.015399834253935795,
    0.008027670149842068
  ],
  "delta_frozen_proj_vs_random": -0.08142626334883703,
  "delta_frozen_proj_vs_random_ci95": [
    -0.09311527138721304,
    -0.06968776698343518
  ],
  "outcome_f": "F-NULL",
  "interpretation_f": "|\u0394_{b-c_e1}|=0.000 < 0.05 and 0 \u2208 CI_\u0394 \u2014 projection absorption was NOT the cause; encoder direction is stable under contrastive pressure on PBMC regardless of gradient routing; lineage dominates.",
  "tripwires": {
    "T1_parent_ckpt_sha": {
      "pass": true,
      "observed": "416e8b1a5fe73c1beff18ec0e5034331e5ada40bd13731f6f90f366f1f58e29e",
      "expected": "416e8b1a5fe73c1beff18ec0e5034331e5ada40bd13731f6f90f366f1f58e29e"
    },
    "T2_probe_batch": {
      "pass": true,
      "cache_path": "experiments/phase6_5e/probe_batch.npz",
      "n_cells": 256,
      "seed": 3,
      "rna_shape": [
        256,
        36601
      ],
      "atac_shape": [
        256,
        115720
      ],
      "indices_sha256": "27a906d07cd3c47e294ab06bcc974351d269f97039d7dd43b94a9d6d8f215f64",
      "expected_indices_sha256": "27a906d07cd3c47e294ab06bcc974351d269f97039d7dd43b94a9d6d8f215f64",
      "data_sha256": "0e1e7689f4d9227ab7260c1c6be584e9dbbabef1c2ef834291cb9cc054363ca2",
      "expected_data_sha256": "0e1e7689f4d9227ab7260c1c6be584e9dbbabef1c2ef834291cb9cc054363ca2"
    },
    "T6_weight_mask": {
      "pass": true,
      "observed": {
        "masked_rna_recon": 0.0,
        "masked_atac_recon": 0.0,
        "cross_modal_infonce": 1.0,
        "peak_to_gene_aux": 0.0
      },
      "expected": {
        "masked_rna_recon": 0.0,
        "masked_atac_recon": 0.0,
        "cross_modal_infonce": 1.0,
        "peak_to_gene_aux": 0.0
      },
      "stage": "joint_contrastive_only_e1"
    },
    "T5_online_nan_abort": {
      "pass": true,
      "n_batches": 47
    },
    "T3_probe_drift": {
      "pass": true,
      "mean_abs_delta_z_rna": 0.24659854173660278,
      "mean_abs_delta_z_atac": 0.08567845821380615,
      "threshold": 0.0001
    },
    "T4_collapse": {
      "pass": true,
      "finite": true,
      "per_dim_std_min_rna": 0.5746217966079712,
      "per_dim_std_min_atac": 0.7495566606521606,
      "cross_dim_std_mean_rna": 3.7959911823272705,
      "cross_dim_std_mean_atac": 1.6558465957641602,
      "threshold": 1e-06
    },
    "T7_drift_ratio": {
      "pass": true,
      "rna_encoder": 0.0057286574900276815,
      "atac_encoder": 0.013948275554851852,
      "rna_proj": 0.0,
      "atac_proj": 0.0,
      "drift_ratio_rna": "inf",
      "drift_ratio_atac": "inf",
      "encoder_rna_drift_percent": 0.5728657490027681,
      "encoder_atac_drift_percent": 1.3948275554851852
    },
    "t8": {
      "optimizer_exclusion_pass": true,
      "proj_requires_grad_pass": true,
      "max_diff_rna": 0.0,
      "max_diff_atac": 0.0
    },
    "T8_projection_freeze": {
      "pass": true,
      "projection_freeze_violation": false,
      "optimizer_exclusion_pass": true,
      "proj_requires_grad_pass": true,
      "max_diff_rna": 0.0,
      "max_diff_atac": 0.0
    },
    "out_ckpt_sha256": {
      "pass": true,
      "observed": "936dfa44071322f7d62c3e698e4395e875fd02a201d171647ad8734dccfa54d7",
      "parent": "416e8b1a5fe73c1beff18ec0e5034331e5ada40bd13731f6f90f366f1f58e29e",
      "phase6_5e_baseline": "6084d5186cbd3dc942497d60926cda7a545931c7da5d7735ba32f555b73349ee"
    },
    "meta": {
      "pass": true,
      "projection_init_path": "parent",
      "projections_frozen": true,
      "loss_first": 0.5877241492271423,
      "loss_last": 0.2828003168106079,
      "loss_decreased": true,
      "loss_curve_len": 47,
      "batch_size": 256,
      "wall_clock_seconds": 54.49888825416565,
      "trainable_param_count": 19925677,
      "rna_proj_init_sha256": "26d3dfab992ae8bad91e365106d9dac9d3e5bb0a150eb8020dab649286b96c6c",
      "atac_proj_init_sha256": "bb6b7599e62f2ce55c66d986201db5a4cfb18b8c6fc16643fafb1a63d4c341e3"
    }
  },
  "training_deviations": []
}